No,Name,Sex,Nationality,Age,WorkPlace,Management,Department,Position,Salary,Ability,Contract,facePath
1,Bong Joon-ho,Male,KOR,23,default,null,null,null,0,78,FALSE,null
2,Bong Heung-min,Female,KOR,41,default,null,null,null,0,75,FALSE,null
3,Kim Heung-min,Female,KOR,59,default,null,null,null,0,92,FALSE,null
4,Amitabh Tendulkar,Female,IND,67,default,null,null,null,0,38,FALSE,null
5,David Austen,Female,ENG,22,default,null,null,null,0,2,FALSE,null
6,David Beckham,Female,ENG,61,default,null,null,null,0,25,FALSE,null
7,Son Yuna,Female,KOR,21,default,null,null,null,0,75,FALSE,null
8,Sachin Modi,Male,IND,30,default,null,null,null,0,44,FALSE,null
9,Kim Yuna,Male,KOR,63,default,null,null,null,0,35,FALSE,null
10,Ban Ki-moon,Female,KOR,22,default,null,null,null,0,11,FALSE,null
11,Sachin Tendulkar,Female,IND,69,default,null,null,null,0,8,FALSE,null
12,Ban Heung-min,Female,KOR,75,default,null,null,null,0,23,FALSE,null
13,Bong Joon-ho,Female,KOR,41,default,null,null,null,0,32,FALSE,null
14,John Austen,Male,ENG,37,default,null,null,null,0,9,FALSE,null
15,Ban Joon-ho,Female,KOR,54,default,null,null,null,0,33,FALSE,null
16,Ryan Dion,Female,CAD,50,default,null,null,null,0,40,FALSE,null
17,Son Heung-min,Female,KOR,33,default,null,null,null,0,17,FALSE,null
18,Margaret Atwood,Female,CAD,69,default,null,null,null,0,88,FALSE,null
19,Margaret Dion,Female,CAD,20,default,null,null,null,0,35,FALSE,null
20,Son Ki-moon,Male,KOR,51,default,null,null,null,0,75,FALSE,null
21,Kim Yuna,Female,KOR,41,default,null,null,null,0,19,FALSE,null
22,Kim Heung-min,Female,KOR,72,default,null,null,null,0,60,FALSE,null
23,Indira Bachchan,Male,IND,29,default,null,null,null,0,88,FALSE,null
24,Bong Heung-min,Male,KOR,33,default,null,null,null,0,99,FALSE,null
25,Bong Heung-min,Female,KOR,69,default,null,null,null,0,57,FALSE,null
26,David Austen,Male,ENG,41,default,null,null,null,0,32,FALSE,null
27,Celine Reynolds,Male,CAD,20,default,null,null,null,0,37,FALSE,null
28,Amitabh Gandhi,Male,IND,36,default,null,null,null,0,35,FALSE,null
29,Celine Dion,Male,CAD,45,default,null,null,null,0,4,FALSE,null
30,Son Yuna,Male,KOR,63,default,null,null,null,0,100,FALSE,null
31,Bong Yuna,Male,KOR,42,default,null,null,null,0,66,FALSE,null
32,Bong Yuna,Female,KOR,23,default,null,null,null,0,29,FALSE,null
33,Celine Atwood,Female,CAD,48,default,null,null,null,0,40,FALSE,null
34,Ban Heung-min,Female,KOR,55,default,null,null,null,0,17,FALSE,null
35,Jane Lennon,Male,ENG,44,default,null,null,null,0,29,FALSE,null
36,Justin Trudeau,Female,CAD,46,default,null,null,null,0,68,FALSE,null
37,Amitabh Gandhi,Male,IND,64,default,null,null,null,0,58,FALSE,null
38,Amitabh Modi,Male,IND,21,default,null,null,null,0,38,FALSE,null
39,Justin Atwood,Male,CAD,29,default,null,null,null,0,27,FALSE,null
40,Ban Yuna,Male,KOR,31,default,null,null,null,0,26,FALSE,null
41,Jane Lennon,Female,ENG,34,default,null,null,null,0,92,FALSE,null
42,Ban Yuna,Male,KOR,24,default,null,null,null,0,49,FALSE,null
43,Justin Atwood,Female,CAD,74,default,null,null,null,0,15,FALSE,null
44,Narendra Modi,Male,IND,74,default,null,null,null,0,21,FALSE,null
45,Son Yuna,Female,KOR,40,default,null,null,null,0,57,FALSE,null
46,Margaret Reynolds,Female,CAD,48,default,null,null,null,0,55,FALSE,null
47,Amitabh Gandhi,Female,IND,34,default,null,null,null,0,40,FALSE,null
48,Indira Bachchan,Female,IND,62,default,null,null,null,0,88,FALSE,null
49,Bong Heung-min,Male,KOR,51,default,null,null,null,0,61,FALSE,null
50,Kim Yuna,Male,KOR,36,default,null,null,null,0,91,FALSE,null
51,Sachin Bachchan,Male,IND,60,default,null,null,null,0,11,FALSE,null
52,Ban Heung-min,Female,KOR,60,default,null,null,null,0,6,FALSE,null
53,Ban Yuna,Female,KOR,36,default,null,null,null,0,71,FALSE,null
54,Elizabeth Beckham,Female,ENG,43,default,null,null,null,0,66,FALSE,null
55,Ryan Trudeau,Female,CAD,54,default,null,null,null,0,47,FALSE,null
56,Kim Joon-ho,Female,KOR,51,default,null,null,null,0,73,FALSE,null
57,Son Heung-min,Male,KOR,54,default,null,null,null,0,52,FALSE,null
58,John Beckham,Female,ENG,23,default,null,null,null,0,26,FALSE,null
59,Ban Heung-min,Female,KOR,67,default,null,null,null,0,93,FALSE,null
60,Ban Ki-moon,Male,KOR,70,default,null,null,null,0,48,FALSE,null
61,Son Joon-ho,Male,KOR,23,default,null,null,null,0,75,FALSE,null
62,David Beckham,Female,ENG,29,default,null,null,null,0,19,FALSE,null
63,David Austen,Female,ENG,20,default,null,null,null,0,61,FALSE,null
64,Bong Joon-ho,Female,KOR,39,default,null,null,null,0,80,FALSE,null
65,Kim Heung-min,Male,KOR,41,default,null,null,null,0,57,FALSE,null
66,Bong Yuna,Female,KOR,39,default,null,null,null,0,71,FALSE,null
67,Amitabh Tendulkar,Male,IND,36,default,null,null,null,0,11,FALSE,null
68,Son Ki-moon,Male,KOR,29,default,null,null,null,0,88,FALSE,null
69,Bong Ki-moon,Male,KOR,61,default,null,null,null,0,69,FALSE,null
70,Son Yuna,Male,KOR,40,default,null,null,null,0,85,FALSE,null
71,Narendra Bachchan,Male,IND,53,default,null,null,null,0,78,FALSE,null
72,Kim Yuna,Female,KOR,65,default,null,null,null,0,27,FALSE,null
73,Sachin Bachchan,Female,IND,57,default,null,null,null,0,60,FALSE,null
74,David II,Female,ENG,32,default,null,null,null,0,42,FALSE,null
75,Son Joon-ho,Female,KOR,69,default,null,null,null,0,49,FALSE,null
76,Son Yuna,Male,KOR,66,default,null,null,null,0,55,FALSE,null
77,Son Heung-min,Female,KOR,67,default,null,null,null,0,31,FALSE,null
78,Indira Tendulkar,Female,IND,22,default,null,null,null,0,61,FALSE,null
79,Bong Yuna,Male,KOR,46,default,null,null,null,0,88,FALSE,null
80,Amitabh Gandhi,Female,IND,33,default,null,null,null,0,78,FALSE,null
81,Indira Gandhi,Male,IND,20,default,null,null,null,0,26,FALSE,null
82,Son Joon-ho,Female,KOR,37,default,null,null,null,0,78,FALSE,null
83,Ban Joon-ho,Male,KOR,22,default,null,null,null,0,84,FALSE,null
84,Son Heung-min,Female,KOR,43,default,null,null,null,0,32,FALSE,null
85,Bong Joon-ho,Male,KOR,53,default,null,null,null,0,18,FALSE,null
86,Elizabeth Beckham,Male,ENG,36,default,null,null,null,0,15,FALSE,null
87,Ban Ki-moon,Female,KOR,62,default,null,null,null,0,23,FALSE,null
88,Son Heung-min,Male,KOR,57,default,null,null,null,0,13,FALSE,null
89,Kim Ki-moon,Male,KOR,39,default,null,null,null,0,59,FALSE,null
90,Bong Joon-ho,Female,KOR,62,default,null,null,null,0,93,FALSE,null
91,Ban Heung-min,Female,KOR,27,default,null,null,null,0,60,FALSE,null
92,Kim Heung-min,Female,KOR,56,default,null,null,null,0,37,FALSE,null
93,Elizabeth Beckham,Female,ENG,26,default,null,null,null,0,40,FALSE,null
94,Kim Heung-min,Male,KOR,24,default,null,null,null,0,56,FALSE,null
95,Ban Heung-min,Male,KOR,51,default,null,null,null,0,33,FALSE,null
96,John II,Male,ENG,60,default,null,null,null,0,26,FALSE,null
97,Elizabeth II,Male,ENG,73,default,null,null,null,0,11,FALSE,null
98,Margaret Trudeau,Female,CAD,48,default,null,null,null,0,50,FALSE,null
99,Kim Yuna,Male,KOR,62,default,null,null,null,0,97,FALSE,null
100,David Beckham,Female,ENG,61,default,null,null,null,0,73,FALSE,null
101,Bong Ki-moon,Female,KOR,45,default,null,null,null,0,91,FALSE,null
102,Justin Atwood,Male,CAD,23,default,null,null,null,0,31,FALSE,null
103,Son Ki-moon,Female,KOR,25,default,null,null,null,0,23,FALSE,null
104,David Beckham,Male,ENG,53,default,null,null,null,0,54,FALSE,null
105,Margaret Reynolds,Female,CAD,28,default,null,null,null,0,30,FALSE,null
106,Kim Yuna,Male,KOR,40,default,null,null,null,0,21,FALSE,null
107,Kim Yuna,Male,KOR,48,default,null,null,null,0,62,FALSE,null
108,Ban Yuna,Male,KOR,60,default,null,null,null,0,47,FALSE,null
109,Ban Joon-ho,Male,KOR,66,default,null,null,null,0,93,FALSE,null
110,Celine Dion,Male,CAD,53,default,null,null,null,0,73,FALSE,null
111,Kim Ki-moon,Male,KOR,37,default,null,null,null,0,89,FALSE,null
112,Kim Ki-moon,Male,KOR,51,default,null,null,null,0,41,FALSE,null
113,Son Joon-ho,Female,KOR,28,default,null,null,null,0,9,FALSE,null
114,Kim Ki-moon,Male,KOR,21,default,null,null,null,0,27,FALSE,null
115,Sachin Bachchan,Male,IND,51,default,null,null,null,0,8,FALSE,null
116,Ban Yuna,Female,KOR,64,default,null,null,null,0,54,FALSE,null
117,Kim Yuna,Male,KOR,67,default,null,null,null,0,48,FALSE,null
118,Ryan Trudeau,Male,CAD,39,default,null,null,null,0,68,FALSE,null
119,Ryan Trudeau,Female,CAD,59,default,null,null,null,0,87,FALSE,null
120,Kim Joon-ho,Male,KOR,52,default,null,null,null,0,61,FALSE,null
121,Sachin Tendulkar,Male,IND,22,default,null,null,null,0,26,FALSE,null
122,Ban Joon-ho,Female,KOR,34,default,null,null,null,0,80,FALSE,null
123,Bong Ki-moon,Female,KOR,24,default,null,null,null,0,30,FALSE,null
124,Bong Joon-ho,Female,KOR,24,default,null,null,null,0,62,FALSE,null
125,Ban Heung-min,Female,KOR,41,default,null,null,null,0,8,FALSE,null
126,Ban Joon-ho,Male,KOR,64,default,null,null,null,0,6,FALSE,null
127,Elizabeth II,Male,ENG,37,default,null,null,null,0,33,FALSE,null
128,Kim Heung-min,Female,KOR,26,default,null,null,null,0,18,FALSE,null
129,Bong Heung-min,Male,KOR,21,default,null,null,null,0,94,FALSE,null
130,Kim Heung-min,Female,KOR,53,default,null,null,null,0,54,FALSE,null
131,Bong Ki-moon,Male,KOR,54,default,null,null,null,0,3,FALSE,null
132,Kim Joon-ho,Male,KOR,22,default,null,null,null,0,48,FALSE,null
133,Indira Bachchan,Female,IND,66,default,null,null,null,0,100,FALSE,null
134,Elizabeth Austen,Female,ENG,48,default,null,null,null,0,20,FALSE,null
135,Indira Bachchan,Male,IND,24,default,null,null,null,0,66,FALSE,null
136,Ban Heung-min,Female,KOR,39,default,null,null,null,0,66,FALSE,null
137,Kim Joon-ho,Female,KOR,46,default,null,null,null,0,21,FALSE,null
138,Bong Heung-min,Female,KOR,68,default,null,null,null,0,9,FALSE,null
139,Ban Heung-min,Male,KOR,70,default,null,null,null,0,32,FALSE,null
140,Kim Yuna,Female,KOR,72,default,null,null,null,0,81,FALSE,null
141,Justin Dion,Male,CAD,37,default,null,null,null,0,1,FALSE,null
142,Bong Yuna,Male,KOR,23,default,null,null,null,0,54,FALSE,null
143,Kim Joon-ho,Male,KOR,27,default,null,null,null,0,67,FALSE,null
144,Ban Yuna,Male,KOR,22,default,null,null,null,0,52,FALSE,null
145,Ban Heung-min,Male,KOR,54,default,null,null,null,0,52,FALSE,null
146,Kim Joon-ho,Male,KOR,69,default,null,null,null,0,25,FALSE,null
147,Celine Reynolds,Female,CAD,36,default,null,null,null,0,58,FALSE,null
148,Kim Heung-min,Female,KOR,41,default,null,null,null,0,87,FALSE,null
149,Indira Modi,Male,IND,66,default,null,null,null,0,67,FALSE,null
150,Son Yuna,Male,KOR,72,default,null,null,null,0,35,FALSE,null
151,Bong Yuna,Male,KOR,47,default,null,null,null,0,52,FALSE,null
152,Son Yuna,Female,KOR,45,default,null,null,null,0,44,FALSE,null
153,Ban Heung-min,Female,KOR,20,default,null,null,null,0,92,FALSE,null
154,Amitabh Tendulkar,Male,IND,43,default,null,null,null,0,48,FALSE,null
155,Bong Ki-moon,Female,KOR,51,default,null,null,null,0,41,FALSE,null
156,Ban Ki-moon,Male,KOR,57,default,null,null,null,0,42,FALSE,null
157,Kim Ki-moon,Female,KOR,22,default,null,null,null,0,2,FALSE,null
158,Bong Yuna,Male,KOR,29,default,null,null,null,0,31,FALSE,null
159,Justin Dion,Female,CAD,23,default,null,null,null,0,39,FALSE,null
160,Ryan Reynolds,Female,CAD,33,default,null,null,null,0,10,FALSE,null
161,Kim Yuna,Female,KOR,27,default,null,null,null,0,44,FALSE,null
162,Ban Joon-ho,Female,KOR,50,default,null,null,null,0,51,FALSE,null
163,Sachin Tendulkar,Female,IND,49,default,null,null,null,0,97,FALSE,null
164,John Austen,Male,ENG,71,default,null,null,null,0,2,FALSE,null
165,Bong Heung-min,Female,KOR,54,default,null,null,null,0,50,FALSE,null
166,Ban Ki-moon,Male,KOR,65,default,null,null,null,0,60,FALSE,null
167,John Lennon,Female,ENG,57,default,null,null,null,0,100,FALSE,null
168,Kim Heung-min,Male,KOR,36,default,null,null,null,0,35,FALSE,null
169,Son Ki-moon,Male,KOR,44,default,null,null,null,0,95,FALSE,null
170,Bong Joon-ho,Female,KOR,29,default,null,null,null,0,42,FALSE,null
171,Kim Heung-min,Female,KOR,43,default,null,null,null,0,29,FALSE,null
172,Ryan Reynolds,Female,CAD,63,default,null,null,null,0,10,FALSE,null
173,Son Joon-ho,Female,KOR,40,default,null,null,null,0,92,FALSE,null
174,Bong Yuna,Female,KOR,22,default,null,null,null,0,96,FALSE,null
175,Bong Joon-ho,Female,KOR,37,default,null,null,null,0,2,FALSE,null
176,Amitabh Tendulkar,Male,IND,64,default,null,null,null,0,57,FALSE,null
177,Son Yuna,Male,KOR,40,default,null,null,null,0,99,FALSE,null
178,Bong Heung-min,Female,KOR,55,default,null,null,null,0,66,FALSE,null
179,Kim Joon-ho,Female,KOR,33,default,null,null,null,0,48,FALSE,null
180,Elizabeth Beckham,Male,ENG,62,default,null,null,null,0,38,FALSE,null
181,Ryan Trudeau,Female,CAD,72,default,null,null,null,0,68,FALSE,null
182,Bong Yuna,Female,KOR,47,default,null,null,null,0,14,FALSE,null
183,Bong Heung-min,Male,KOR,72,default,null,null,null,0,17,FALSE,null
184,Ryan Atwood,Female,CAD,44,default,null,null,null,0,18,FALSE,null
185,Ryan Trudeau,Female,CAD,54,default,null,null,null,0,30,FALSE,null
186,Bong Yuna,Male,KOR,43,default,null,null,null,0,56,FALSE,null
187,Elizabeth Austen,Female,ENG,67,default,null,null,null,0,16,FALSE,null
188,Son Ki-moon,Male,KOR,58,default,null,null,null,0,57,FALSE,null
189,Son Joon-ho,Male,KOR,59,default,null,null,null,0,71,FALSE,null
190,Ban Ki-moon,Female,KOR,25,default,null,null,null,0,85,FALSE,null
191,John Lennon,Male,ENG,25,default,null,null,null,0,10,FALSE,null
192,Jane II,Male,ENG,34,default,null,null,null,0,58,FALSE,null
193,Ban Heung-min,Male,KOR,66,default,null,null,null,0,83,FALSE,null
194,Ryan Reynolds,Female,CAD,60,default,null,null,null,0,72,FALSE,null
195,Ban Yuna,Male,KOR,33,default,null,null,null,0,87,FALSE,null
196,Son Ki-moon,Female,KOR,43,default,null,null,null,0,21,FALSE,null
197,Elizabeth II,Female,ENG,50,default,null,null,null,0,92,FALSE,null
198,Jane Austen,Female,ENG,41,default,null,null,null,0,65,FALSE,null
199,Amitabh Modi,Male,IND,39,default,null,null,null,0,29,FALSE,null
200,Ban Yuna,Female,KOR,74,default,null,null,null,0,42,FALSE,null
201,Margaret Atwood,Female,CAD,57,default,null,null,null,0,62,FALSE,null
202,Son Ki-moon,Male,KOR,74,default,null,null,null,0,44,FALSE,null
203,Bong Heung-min,Female,KOR,61,default,null,null,null,0,9,FALSE,null
204,Son Joon-ho,Male,KOR,24,default,null,null,null,0,2,FALSE,null
205,Ban Ki-moon,Female,KOR,55,default,null,null,null,0,3,FALSE,null
206,Narendra Modi,Male,IND,74,default,null,null,null,0,90,FALSE,null
207,Kim Ki-moon,Male,KOR,38,default,null,null,null,0,37,FALSE,null
208,Indira Gandhi,Male,IND,30,default,null,null,null,0,33,FALSE,null
209,Elizabeth II,Female,ENG,50,default,null,null,null,0,61,FALSE,null
210,Ban Yuna,Male,KOR,56,default,null,null,null,0,79,FALSE,null
211,Kim Yuna,Male,KOR,63,default,null,null,null,0,58,FALSE,null
212,Celine Trudeau,Male,CAD,42,default,null,null,null,0,54,FALSE,null
213,Bong Yuna,Male,KOR,51,default,null,null,null,0,76,FALSE,null
214,Ryan Trudeau,Female,CAD,30,default,null,null,null,0,87,FALSE,null
215,Bong Ki-moon,Female,KOR,40,default,null,null,null,0,72,FALSE,null
216,John Austen,Male,ENG,29,default,null,null,null,0,63,FALSE,null
217,Bong Joon-ho,Male,KOR,71,default,null,null,null,0,31,FALSE,null
218,Ban Yuna,Male,KOR,22,default,null,null,null,0,47,FALSE,null
219,Narendra Gandhi,Male,IND,68,default,null,null,null,0,60,FALSE,null
220,Son Ki-moon,Female,KOR,54,default,null,null,null,0,14,FALSE,null
221,Son Joon-ho,Female,KOR,57,default,null,null,null,0,78,FALSE,null
222,Son Heung-min,Female,KOR,22,default,null,null,null,0,14,FALSE,null
223,Ban Joon-ho,Male,KOR,68,default,null,null,null,0,26,FALSE,null
224,Bong Yuna,Male,KOR,50,default,null,null,null,0,85,FALSE,null
225,Bong Heung-min,Male,KOR,51,default,null,null,null,0,39,FALSE,null
226,Narendra Bachchan,Female,IND,73,default,null,null,null,0,83,FALSE,null
227,Bong Ki-moon,Female,KOR,49,default,null,null,null,0,30,FALSE,null
228,Ban Yuna,Female,KOR,73,default,null,null,null,0,45,FALSE,null
229,David II,Male,ENG,56,default,null,null,null,0,97,FALSE,null
230,Son Ki-moon,Male,KOR,72,default,null,null,null,0,63,FALSE,null
231,Amitabh Modi,Male,IND,75,default,null,null,null,0,33,FALSE,null
232,Narendra Modi,Female,IND,60,default,null,null,null,0,16,FALSE,null
233,Bong Ki-moon,Male,KOR,70,default,null,null,null,0,93,FALSE,null
234,Kim Joon-ho,Female,KOR,48,default,null,null,null,0,25,FALSE,null
235,Son Heung-min,Female,KOR,45,default,null,null,null,0,83,FALSE,null
236,Margaret Atwood,Female,CAD,67,default,null,null,null,0,36,FALSE,null
237,Bong Joon-ho,Male,KOR,57,default,null,null,null,0,78,FALSE,null
238,Kim Heung-min,Female,KOR,26,default,null,null,null,0,82,FALSE,null
239,Son Ki-moon,Male,KOR,31,default,null,null,null,0,56,FALSE,null
240,Kim Yuna,Female,KOR,27,default,null,null,null,0,62,FALSE,null
241,Narendra Gandhi,Female,IND,73,default,null,null,null,0,67,FALSE,null
242,Son Ki-moon,Male,KOR,45,default,null,null,null,0,12,FALSE,null
243,Margaret Reynolds,Male,CAD,26,default,null,null,null,0,28,FALSE,null
244,Narendra Tendulkar,Male,IND,44,default,null,null,null,0,80,FALSE,null
245,Jane II,Male,ENG,31,default,null,null,null,0,10,FALSE,null
246,Ban Ki-moon,Female,KOR,41,default,null,null,null,0,67,FALSE,null
247,Elizabeth Lennon,Female,ENG,20,default,null,null,null,0,16,FALSE,null
248,Margaret Dion,Male,CAD,43,default,null,null,null,0,33,FALSE,null
249,Son Heung-min,Female,KOR,27,default,null,null,null,0,85,FALSE,null
250,Bong Heung-min,Female,KOR,58,default,null,null,null,0,47,FALSE,null
251,Margaret Reynolds,Female,CAD,70,default,null,null,null,0,41,FALSE,null
252,Elizabeth II,Male,ENG,64,default,null,null,null,0,42,FALSE,null
253,David II,Male,ENG,41,default,null,null,null,0,15,FALSE,null
254,Sachin Gandhi,Female,IND,51,default,null,null,null,0,91,FALSE,null
255,David Beckham,Female,ENG,21,default,null,null,null,0,38,FALSE,null
256,David Lennon,Female,ENG,63,default,null,null,null,0,95,FALSE,null
257,Son Yuna,Male,KOR,28,default,null,null,null,0,58,FALSE,null
258,Son Ki-moon,Female,KOR,24,default,null,null,null,0,56,FALSE,null
259,Ban Yuna,Female,KOR,48,default,null,null,null,0,89,FALSE,null
260,Kim Yuna,Female,KOR,20,default,null,null,null,0,36,FALSE,null
261,Ryan Trudeau,Male,CAD,43,default,null,null,null,0,28,FALSE,null
262,Amitabh Bachchan,Female,IND,70,default,null,null,null,0,9,FALSE,null
263,Margaret Trudeau,Female,CAD,33,default,null,null,null,0,20,FALSE,null
264,Bong Heung-min,Male,KOR,56,default,null,null,null,0,14,FALSE,null
265,Ban Joon-ho,Female,KOR,70,default,null,null,null,0,35,FALSE,null
266,Kim Joon-ho,Male,KOR,57,default,null,null,null,0,74,FALSE,null
267,Bong Heung-min,Male,KOR,58,default,null,null,null,0,91,FALSE,null
268,Jane II,Female,ENG,27,default,null,null,null,0,49,FALSE,null
269,Narendra Bachchan,Male,IND,33,default,null,null,null,0,19,FALSE,null
270,Ban Joon-ho,Female,KOR,56,default,null,null,null,0,75,FALSE,null
271,Elizabeth II,Male,ENG,55,default,null,null,null,0,93,FALSE,null
272,David Beckham,Female,ENG,46,default,null,null,null,0,50,FALSE,null
273,Kim Heung-min,Female,KOR,52,default,null,null,null,0,60,FALSE,null
274,Ban Yuna,Female,KOR,34,default,null,null,null,0,57,FALSE,null
275,David Austen,Female,ENG,54,default,null,null,null,0,82,FALSE,null
276,Justin Trudeau,Male,CAD,24,default,null,null,null,0,3,FALSE,null
277,Kim Joon-ho,Male,KOR,63,default,null,null,null,0,92,FALSE,null
278,Elizabeth Lennon,Male,ENG,58,default,null,null,null,0,86,FALSE,null
279,Ban Heung-min,Male,KOR,75,default,null,null,null,0,27,FALSE,null
280,Amitabh Bachchan,Male,IND,21,default,null,null,null,0,3,FALSE,null
281,Amitabh Gandhi,Female,IND,53,default,null,null,null,0,9,FALSE,null
282,Bong Ki-moon,Female,KOR,30,default,null,null,null,0,33,FALSE,null
283,Bong Heung-min,Female,KOR,55,default,null,null,null,0,51,FALSE,null
284,Narendra Gandhi,Female,IND,20,default,null,null,null,0,20,FALSE,null
285,Ban Joon-ho,Male,KOR,21,default,null,null,null,0,97,FALSE,null
286,Ryan Reynolds,Male,CAD,74,default,null,null,null,0,88,FALSE,null
287,Margaret Reynolds,Male,CAD,58,default,null,null,null,0,18,FALSE,null
288,Son Joon-ho,Female,KOR,74,default,null,null,null,0,22,FALSE,null
289,Elizabeth II,Female,ENG,42,default,null,null,null,0,70,FALSE,null
290,Ryan Trudeau,Female,CAD,72,default,null,null,null,0,4,FALSE,null
291,Bong Ki-moon,Female,KOR,43,default,null,null,null,0,36,FALSE,null
292,Margaret Trudeau,Female,CAD,61,default,null,null,null,0,31,FALSE,null
293,Son Joon-ho,Female,KOR,64,default,null,null,null,0,80,FALSE,null
294,Elizabeth Beckham,Male,ENG,27,default,null,null,null,0,37,FALSE,null
295,Sachin Modi,Male,IND,59,default,null,null,null,0,87,FALSE,null
296,Jane II,Female,ENG,29,default,null,null,null,0,86,FALSE,null
297,Narendra Tendulkar,Male,IND,60,default,null,null,null,0,52,FALSE,null
298,Justin Dion,Male,CAD,47,default,null,null,null,0,43,FALSE,null
299,Justin Reynolds,Male,CAD,26,default,null,null,null,0,59,FALSE,null
300,Celine Trudeau,Male,CAD,31,default,null,null,null,0,42,FALSE,null
301,Bong Ki-moon,Female,KOR,36,default,null,null,null,0,12,FALSE,null
302,Ban Joon-ho,Male,KOR,45,default,null,null,null,0,86,FALSE,null
303,Kim Yuna,Male,KOR,30,default,null,null,null,0,89,FALSE,null
304,Margaret Dion,Female,CAD,40,default,null,null,null,0,68,FALSE,null
305,Son Joon-ho,Female,KOR,48,default,null,null,null,0,38,FALSE,null
306,John II,Male,ENG,32,default,null,null,null,0,57,FALSE,null
307,Sachin Bachchan,Female,IND,42,default,null,null,null,0,75,FALSE,null
308,Justin Atwood,Male,CAD,33,default,null,null,null,0,62,FALSE,null
309,Narendra Modi,Male,IND,35,default,null,null,null,0,89,FALSE,null
310,Margaret Reynolds,Female,CAD,54,default,null,null,null,0,70,FALSE,null
311,David Beckham,Male,ENG,65,default,null,null,null,0,70,FALSE,null
312,Son Ki-moon,Female,KOR,41,default,null,null,null,0,13,FALSE,null
313,Ban Ki-moon,Female,KOR,33,default,null,null,null,0,66,FALSE,null
314,Narendra Bachchan,Male,IND,55,default,null,null,null,0,31,FALSE,null
315,Bong Joon-ho,Female,KOR,63,default,null,null,null,0,88,FALSE,null
316,Ryan Dion,Male,CAD,27,default,null,null,null,0,99,FALSE,null
317,Elizabeth II,Male,ENG,43,default,null,null,null,0,29,FALSE,null
318,Jane Austen,Female,ENG,69,default,null,null,null,0,72,FALSE,null
319,Son Yuna,Female,KOR,26,default,null,null,null,0,35,FALSE,null
320,Narendra Modi,Male,IND,45,default,null,null,null,0,32,FALSE,null
321,Celine Reynolds,Female,CAD,67,default,null,null,null,0,77,FALSE,null
322,David Austen,Male,ENG,30,default,null,null,null,0,15,FALSE,null
323,Indira Bachchan,Female,IND,26,default,null,null,null,0,45,FALSE,null
324,Kim Yuna,Male,KOR,66,default,null,null,null,0,83,FALSE,null
325,Son Ki-moon,Female,KOR,71,default,null,null,null,0,52,FALSE,null
326,Indira Modi,Female,IND,72,default,null,null,null,0,38,FALSE,null
327,Son Joon-ho,Female,KOR,21,default,null,null,null,0,36,FALSE,null
328,Ryan Dion,Male,CAD,20,default,null,null,null,0,95,FALSE,null
329,Son Yuna,Male,KOR,62,default,null,null,null,0,23,FALSE,null
330,Celine Atwood,Female,CAD,64,default,null,null,null,0,16,FALSE,null
331,Son Yuna,Male,KOR,28,default,null,null,null,0,35,FALSE,null
332,Bong Heung-min,Female,KOR,57,default,null,null,null,0,31,FALSE,null
333,Bong Joon-ho,Male,KOR,56,default,null,null,null,0,37,FALSE,null
334,Jane Austen,Female,ENG,47,default,null,null,null,0,13,FALSE,null
335,Kim Yuna,Male,KOR,22,default,null,null,null,0,16,FALSE,null
336,Ban Heung-min,Male,KOR,27,default,null,null,null,0,67,FALSE,null
337,Ban Ki-moon,Female,KOR,34,default,null,null,null,0,26,FALSE,null
338,Amitabh Modi,Female,IND,58,default,null,null,null,0,52,FALSE,null
339,Bong Heung-min,Male,KOR,69,default,null,null,null,0,17,FALSE,null
340,Kim Heung-min,Male,KOR,36,default,null,null,null,0,88,FALSE,null
341,Ban Heung-min,Male,KOR,46,default,null,null,null,0,82,FALSE,null
342,Indira Modi,Male,IND,67,default,null,null,null,0,3,FALSE,null
343,Jane II,Female,ENG,22,default,null,null,null,0,35,FALSE,null
344,Bong Joon-ho,Female,KOR,33,default,null,null,null,0,91,FALSE,null
345,Ban Heung-min,Male,KOR,66,default,null,null,null,0,59,FALSE,null
346,Kim Ki-moon,Female,KOR,33,default,null,null,null,0,12,FALSE,null
347,Ban Joon-ho,Female,KOR,55,default,null,null,null,0,1,FALSE,null
348,Celine Reynolds,Female,CAD,46,default,null,null,null,0,66,FALSE,null
349,Sachin Modi,Female,IND,39,default,null,null,null,0,20,FALSE,null
350,Son Heung-min,Male,KOR,41,default,null,null,null,0,99,FALSE,null
351,Ryan Dion,Female,CAD,44,default,null,null,null,0,56,FALSE,null
352,Ban Ki-moon,Female,KOR,48,default,null,null,null,0,9,FALSE,null
353,Son Heung-min,Female,KOR,36,default,null,null,null,0,48,FALSE,null
354,Son Ki-moon,Female,KOR,50,default,null,null,null,0,98,FALSE,null
355,Ban Heung-min,Female,KOR,23,default,null,null,null,0,93,FALSE,null
356,Son Ki-moon,Female,KOR,36,default,null,null,null,0,38,FALSE,null
357,Bong Heung-min,Female,KOR,33,default,null,null,null,0,44,FALSE,null
358,Bong Ki-moon,Male,KOR,20,default,null,null,null,0,21,FALSE,null
359,Kim Joon-ho,Male,KOR,21,default,null,null,null,0,57,FALSE,null
360,Bong Heung-min,Male,KOR,46,default,null,null,null,0,78,FALSE,null
361,Ban Joon-ho,Male,KOR,27,default,null,null,null,0,89,FALSE,null
362,Bong Yuna,Female,KOR,53,default,null,null,null,0,100,FALSE,null
363,Bong Heung-min,Male,KOR,24,default,null,null,null,0,31,FALSE,null
364,Son Yuna,Female,KOR,47,default,null,null,null,0,73,FALSE,null
365,Ban Heung-min,Female,KOR,27,default,null,null,null,0,23,FALSE,null
366,Bong Yuna,Male,KOR,42,default,null,null,null,0,5,FALSE,null
367,Jane Beckham,Female,ENG,35,default,null,null,null,0,90,FALSE,null
368,Kim Heung-min,Male,KOR,34,default,null,null,null,0,45,FALSE,null
369,Indira Gandhi,Male,IND,32,default,null,null,null,0,34,FALSE,null
370,Celine Dion,Male,CAD,45,default,null,null,null,0,51,FALSE,null
371,Ban Heung-min,Female,KOR,73,default,null,null,null,0,80,FALSE,null
372,Kim Ki-moon,Male,KOR,33,default,null,null,null,0,17,FALSE,null
373,Justin Reynolds,Female,CAD,71,default,null,null,null,0,81,FALSE,null
374,Ban Heung-min,Female,KOR,36,default,null,null,null,0,35,FALSE,null
375,Indira Tendulkar,Female,IND,33,default,null,null,null,0,60,FALSE,null
376,Ryan Dion,Female,CAD,20,default,null,null,null,0,54,FALSE,null
377,Ban Heung-min,Male,KOR,31,default,null,null,null,0,3,FALSE,null
378,Ban Joon-ho,Female,KOR,29,default,null,null,null,0,30,FALSE,null
379,Ban Ki-moon,Female,KOR,62,default,null,null,null,0,78,FALSE,null
380,Kim Yuna,Male,KOR,53,default,null,null,null,0,21,FALSE,null
381,Jane Lennon,Male,ENG,58,default,null,null,null,0,47,FALSE,null
382,Bong Joon-ho,Male,KOR,56,default,null,null,null,0,87,FALSE,null
383,Kim Yuna,Male,KOR,63,default,null,null,null,0,66,FALSE,null
384,Bong Yuna,Male,KOR,24,default,null,null,null,0,37,FALSE,null
385,Son Ki-moon,Female,KOR,30,default,null,null,null,0,82,FALSE,null
386,Narendra Modi,Female,IND,21,default,null,null,null,0,31,FALSE,null
387,Ryan Reynolds,Male,CAD,68,default,null,null,null,0,90,FALSE,null
388,Son Joon-ho,Female,KOR,46,default,null,null,null,0,3,FALSE,null
389,Amitabh Bachchan,Male,IND,44,default,null,null,null,0,37,FALSE,null
390,Ban Ki-moon,Male,KOR,28,default,null,null,null,0,15,FALSE,null
391,John Lennon,Male,ENG,31,default,null,null,null,0,19,FALSE,null
392,Sachin Gandhi,Female,IND,44,default,null,null,null,0,42,FALSE,null
393,Ryan Dion,Female,CAD,53,default,null,null,null,0,16,FALSE,null
394,Bong Ki-moon,Female,KOR,71,default,null,null,null,0,9,FALSE,null
395,David Austen,Male,ENG,49,default,null,null,null,0,77,FALSE,null
396,Jane Lennon,Male,ENG,65,default,null,null,null,0,60,FALSE,null
397,Amitabh Gandhi,Male,IND,32,default,null,null,null,0,50,FALSE,null
398,Amitabh Tendulkar,Male,IND,73,default,null,null,null,0,68,FALSE,null
399,Ban Ki-moon,Female,KOR,26,default,null,null,null,0,16,FALSE,null
400,Kim Ki-moon,Female,KOR,40,default,null,null,null,0,49,FALSE,null
401,Ban Ki-moon,Female,KOR,56,default,null,null,null,0,59,FALSE,null
402,Indira Tendulkar,Male,IND,48,default,null,null,null,0,89,FALSE,null
403,Narendra Modi,Female,IND,45,default,null,null,null,0,89,FALSE,null
404,Sachin Bachchan,Female,IND,28,default,null,null,null,0,35,FALSE,null
405,Son Heung-min,Male,KOR,39,default,null,null,null,0,87,FALSE,null
406,Bong Yuna,Male,KOR,37,default,null,null,null,0,25,FALSE,null
407,Ban Ki-moon,Female,KOR,70,default,null,null,null,0,81,FALSE,null
408,Kim Ki-moon,Male,KOR,29,default,null,null,null,0,55,FALSE,null
409,Son Joon-ho,Female,KOR,64,default,null,null,null,0,7,FALSE,null
410,Son Ki-moon,Male,KOR,21,default,null,null,null,0,91,FALSE,null
411,Justin Trudeau,Female,CAD,23,default,null,null,null,0,12,FALSE,null
412,Celine Reynolds,Male,CAD,36,default,null,null,null,0,14,FALSE,null
413,David II,Male,ENG,23,default,null,null,null,0,41,FALSE,null
414,Ban Joon-ho,Male,KOR,58,default,null,null,null,0,28,FALSE,null
415,Kim Yuna,Female,KOR,39,default,null,null,null,0,49,FALSE,null
416,Celine Atwood,Female,CAD,57,default,null,null,null,0,66,FALSE,null
417,Jane Beckham,Male,ENG,56,default,null,null,null,0,51,FALSE,null
418,Kim Joon-ho,Female,KOR,70,default,null,null,null,0,21,FALSE,null
419,Son Yuna,Female,KOR,53,default,null,null,null,0,50,FALSE,null
420,Sachin Gandhi,Male,IND,31,default,null,null,null,0,15,FALSE,null
421,David Beckham,Female,ENG,59,default,null,null,null,0,94,FALSE,null
422,Sachin Bachchan,Male,IND,54,default,null,null,null,0,84,FALSE,null
423,Son Ki-moon,Female,KOR,32,default,null,null,null,0,29,FALSE,null
424,John II,Male,ENG,54,default,null,null,null,0,3,FALSE,null
425,Jane II,Male,ENG,35,default,null,null,null,0,95,FALSE,null
426,Bong Joon-ho,Female,KOR,25,default,null,null,null,0,42,FALSE,null
427,Bong Heung-min,Male,KOR,30,default,null,null,null,0,85,FALSE,null
428,Bong Ki-moon,Male,KOR,68,default,null,null,null,0,5,FALSE,null
429,Kim Heung-min,Male,KOR,57,default,null,null,null,0,62,FALSE,null
430,Kim Ki-moon,Female,KOR,56,default,null,null,null,0,80,FALSE,null
431,Son Yuna,Female,KOR,61,default,null,null,null,0,75,FALSE,null
432,Sachin Gandhi,Male,IND,24,default,null,null,null,0,31,FALSE,null
433,Son Joon-ho,Male,KOR,54,default,null,null,null,0,99,FALSE,null
434,Sachin Modi,Male,IND,29,default,null,null,null,0,31,FALSE,null
435,Bong Ki-moon,Male,KOR,64,default,null,null,null,0,34,FALSE,null
436,Justin Atwood,Female,CAD,28,default,null,null,null,0,50,FALSE,null
437,Son Ki-moon,Male,KOR,71,default,null,null,null,0,33,FALSE,null
438,Ban Yuna,Female,KOR,39,default,null,null,null,0,56,FALSE,null
439,Kim Ki-moon,Male,KOR,25,default,null,null,null,0,65,FALSE,null
440,Bong Heung-min,Female,KOR,68,default,null,null,null,0,34,FALSE,null
441,John Beckham,Female,ENG,72,default,null,null,null,0,84,FALSE,null
442,Celine Reynolds,Male,CAD,64,default,null,null,null,0,21,FALSE,null
443,David Austen,Male,ENG,22,default,null,null,null,0,24,FALSE,null
444,Ban Ki-moon,Female,KOR,49,default,null,null,null,0,95,FALSE,null
445,Bong Ki-moon,Male,KOR,30,default,null,null,null,0,30,FALSE,null
446,Margaret Dion,Male,CAD,50,default,null,null,null,0,46,FALSE,null
447,Ban Heung-min,Male,KOR,29,default,null,null,null,0,55,FALSE,null
448,Justin Trudeau,Female,CAD,43,default,null,null,null,0,97,FALSE,null
449,Son Yuna,Female,KOR,51,default,null,null,null,0,78,FALSE,null
450,Indira Gandhi,Female,IND,25,default,null,null,null,0,68,FALSE,null
451,Amitabh Gandhi,Male,IND,64,default,null,null,null,0,67,FALSE,null
452,Margaret Trudeau,Male,CAD,52,default,null,null,null,0,10,FALSE,null
453,Son Ki-moon,Male,KOR,40,default,null,null,null,0,10,FALSE,null
454,Son Ki-moon,Female,KOR,40,default,null,null,null,0,63,FALSE,null
455,Kim Ki-moon,Female,KOR,20,default,null,null,null,0,100,FALSE,null
456,Ban Ki-moon,Female,KOR,60,default,null,null,null,0,59,FALSE,null
457,John II,Male,ENG,31,default,null,null,null,0,62,FALSE,null
458,Amitabh Gandhi,Female,IND,25,default,null,null,null,0,96,FALSE,null
459,Son Yuna,Female,KOR,39,default,null,null,null,0,22,FALSE,null
460,Bong Yuna,Female,KOR,21,default,null,null,null,0,43,FALSE,null
461,Ban Joon-ho,Female,KOR,23,default,null,null,null,0,44,FALSE,null
462,Ban Joon-ho,Male,KOR,71,default,null,null,null,0,47,FALSE,null
463,Bong Joon-ho,Female,KOR,71,default,null,null,null,0,58,FALSE,null
464,Ban Yuna,Female,KOR,31,default,null,null,null,0,29,FALSE,null
465,Son Ki-moon,Male,KOR,56,default,null,null,null,0,83,FALSE,null
466,Sachin Gandhi,Female,IND,53,default,null,null,null,0,82,FALSE,null
467,Kim Yuna,Female,KOR,20,default,null,null,null,0,30,FALSE,null
468,Ban Yuna,Female,KOR,34,default,null,null,null,0,75,FALSE,null
469,Ban Heung-min,Male,KOR,38,default,null,null,null,0,57,FALSE,null
470,Son Yuna,Male,KOR,74,default,null,null,null,0,52,FALSE,null
471,John II,Male,ENG,37,default,null,null,null,0,68,FALSE,null
472,Kim Joon-ho,Female,KOR,42,default,null,null,null,0,87,FALSE,null
473,John II,Female,ENG,47,default,null,null,null,0,96,FALSE,null
474,Justin Dion,Male,CAD,59,default,null,null,null,0,12,FALSE,null
475,Kim Joon-ho,Female,KOR,45,default,null,null,null,0,53,FALSE,null
476,Bong Yuna,Female,KOR,67,default,null,null,null,0,52,FALSE,null
477,Ban Joon-ho,Male,KOR,59,default,null,null,null,0,8,FALSE,null
478,Kim Ki-moon,Male,KOR,62,default,null,null,null,0,89,FALSE,null
479,Ban Ki-moon,Male,KOR,64,default,null,null,null,0,98,FALSE,null
480,Kim Heung-min,Male,KOR,30,default,null,null,null,0,84,FALSE,null
481,Ban Yuna,Male,KOR,42,default,null,null,null,0,66,FALSE,null
482,Ban Ki-moon,Male,KOR,20,default,null,null,null,0,2,FALSE,null
483,Bong Ki-moon,Female,KOR,64,default,null,null,null,0,23,FALSE,null
484,Ban Ki-moon,Female,KOR,73,default,null,null,null,0,84,FALSE,null
485,Narendra Gandhi,Male,IND,30,default,null,null,null,0,93,FALSE,null
486,Bong Heung-min,Female,KOR,59,default,null,null,null,0,45,FALSE,null
487,Kim Heung-min,Female,KOR,57,default,null,null,null,0,96,FALSE,null
488,Amitabh Gandhi,Female,IND,35,default,null,null,null,0,1,FALSE,null
489,Kim Joon-ho,Male,KOR,40,default,null,null,null,0,1,FALSE,null
490,Narendra Bachchan,Female,IND,66,default,null,null,null,0,97,FALSE,null
491,Bong Yuna,Male,KOR,40,default,null,null,null,0,92,FALSE,null
492,Amitabh Bachchan,Female,IND,46,default,null,null,null,0,97,FALSE,null
493,Kim Joon-ho,Male,KOR,72,default,null,null,null,0,4,FALSE,null
494,Justin Reynolds,Female,CAD,51,default,null,null,null,0,54,FALSE,null
495,Sachin Modi,Male,IND,59,default,null,null,null,0,97,FALSE,null
496,Sachin Bachchan,Female,IND,48,default,null,null,null,0,16,FALSE,null
497,Son Joon-ho,Female,KOR,49,default,null,null,null,0,33,FALSE,null
498,Son Joon-ho,Male,KOR,31,default,null,null,null,0,81,FALSE,null
499,Ryan Dion,Male,CAD,61,default,null,null,null,0,45,FALSE,null
500,Son Ki-moon,Female,KOR,23,default,null,null,null,0,36,FALSE,null
501,Celine Trudeau,Female,CAD,69,default,null,null,null,0,22,FALSE,null
502,Bong Joon-ho,Male,KOR,70,default,null,null,null,0,45,FALSE,null
503,Elizabeth Austen,Female,ENG,28,default,null,null,null,0,58,FALSE,null
504,John Lennon,Female,ENG,40,default,null,null,null,0,65,FALSE,null
505,Son Yuna,Male,KOR,22,default,null,null,null,0,67,FALSE,null
506,Jane Lennon,Female,ENG,72,default,null,null,null,0,38,FALSE,null
507,Ryan Dion,Male,CAD,67,default,null,null,null,0,5,FALSE,null
508,Bong Joon-ho,Male,KOR,56,default,null,null,null,0,1,FALSE,null
509,Indira Bachchan,Male,IND,21,default,null,null,null,0,59,FALSE,null
510,Justin Reynolds,Female,CAD,28,default,null,null,null,0,86,FALSE,null
511,Ryan Atwood,Female,CAD,27,default,null,null,null,0,42,FALSE,null
512,Margaret Atwood,Female,CAD,38,default,null,null,null,0,79,FALSE,null
513,Kim Heung-min,Male,KOR,39,default,null,null,null,0,67,FALSE,null
514,Indira Bachchan,Female,IND,43,default,null,null,null,0,34,FALSE,null
515,Celine Trudeau,Male,CAD,70,default,null,null,null,0,94,FALSE,null
516,Kim Yuna,Male,KOR,39,default,null,null,null,0,36,FALSE,null
517,Margaret Trudeau,Male,CAD,22,default,null,null,null,0,13,FALSE,null
518,Son Joon-ho,Male,KOR,74,default,null,null,null,0,20,FALSE,null
519,Sachin Gandhi,Male,IND,63,default,null,null,null,0,96,FALSE,null
520,Son Ki-moon,Female,KOR,45,default,null,null,null,0,96,FALSE,null
521,Son Heung-min,Female,KOR,69,default,null,null,null,0,91,FALSE,null
522,Margaret Dion,Male,CAD,39,default,null,null,null,0,21,FALSE,null
523,Celine Trudeau,Male,CAD,63,default,null,null,null,0,56,FALSE,null
524,Indira Tendulkar,Male,IND,65,default,null,null,null,0,35,FALSE,null
525,Ban Heung-min,Female,KOR,60,default,null,null,null,0,44,FALSE,null
526,Ryan Atwood,Male,CAD,46,default,null,null,null,0,32,FALSE,null
527,Narendra Tendulkar,Female,IND,24,default,null,null,null,0,62,FALSE,null
528,Son Yuna,Female,KOR,68,default,null,null,null,0,83,FALSE,null
529,Narendra Bachchan,Male,IND,45,default,null,null,null,0,13,FALSE,null
530,Bong Yuna,Female,KOR,74,default,null,null,null,0,57,FALSE,null
531,David Beckham,Male,ENG,24,default,null,null,null,0,28,FALSE,null
532,Narendra Gandhi,Male,IND,48,default,null,null,null,0,46,FALSE,null
533,Kim Heung-min,Male,KOR,45,default,null,null,null,0,27,FALSE,null
534,Bong Joon-ho,Female,KOR,67,default,null,null,null,0,94,FALSE,null
535,Ryan Trudeau,Male,CAD,42,default,null,null,null,0,93,FALSE,null
536,Celine Dion,Male,CAD,67,default,null,null,null,0,19,FALSE,null
537,Celine Trudeau,Female,CAD,56,default,null,null,null,0,38,FALSE,null
538,Jane Austen,Female,ENG,20,default,null,null,null,0,53,FALSE,null
539,Justin Dion,Male,CAD,47,default,null,null,null,0,74,FALSE,null
540,Narendra Modi,Female,IND,22,default,null,null,null,0,54,FALSE,null
541,Sachin Modi,Female,IND,21,default,null,null,null,0,61,FALSE,null
542,Ban Joon-ho,Male,KOR,22,default,null,null,null,0,39,FALSE,null
543,Narendra Bachchan,Female,IND,67,default,null,null,null,0,60,FALSE,null
544,Justin Reynolds,Male,CAD,53,default,null,null,null,0,65,FALSE,null
545,Son Yuna,Male,KOR,51,default,null,null,null,0,23,FALSE,null
546,Justin Reynolds,Male,CAD,72,default,null,null,null,0,9,FALSE,null
547,Bong Joon-ho,Female,KOR,52,default,null,null,null,0,4,FALSE,null
548,Celine Atwood,Male,CAD,72,default,null,null,null,0,57,FALSE,null
549,David Beckham,Male,ENG,57,default,null,null,null,0,29,FALSE,null
550,John Lennon,Female,ENG,57,default,null,null,null,0,66,FALSE,null
551,John II,Female,ENG,45,default,null,null,null,0,6,FALSE,null
552,David II,Male,ENG,52,default,null,null,null,0,50,FALSE,null
553,John Austen,Female,ENG,34,default,null,null,null,0,80,FALSE,null
554,Margaret Reynolds,Female,CAD,26,default,null,null,null,0,61,FALSE,null
555,David Lennon,Male,ENG,42,default,null,null,null,0,69,FALSE,null
556,Amitabh Tendulkar,Male,IND,71,default,null,null,null,0,94,FALSE,null
557,Ban Ki-moon,Female,KOR,50,default,null,null,null,0,9,FALSE,null
558,Kim Heung-min,Female,KOR,46,default,null,null,null,0,35,FALSE,null
559,Ban Ki-moon,Female,KOR,41,default,null,null,null,0,34,FALSE,null
560,David Austen,Male,ENG,64,default,null,null,null,0,82,FALSE,null
561,Son Heung-min,Male,KOR,51,default,null,null,null,0,65,FALSE,null
562,John Lennon,Female,ENG,37,default,null,null,null,0,70,FALSE,null
563,Ban Joon-ho,Male,KOR,22,default,null,null,null,0,82,FALSE,null
564,Sachin Gandhi,Male,IND,26,default,null,null,null,0,14,FALSE,null
565,Ryan Reynolds,Male,CAD,31,default,null,null,null,0,83,FALSE,null
566,David Austen,Male,ENG,26,default,null,null,null,0,17,FALSE,null
567,Indira Modi,Male,IND,31,default,null,null,null,0,76,FALSE,null
568,Celine Reynolds,Female,CAD,56,default,null,null,null,0,2,FALSE,null
569,Indira Tendulkar,Male,IND,35,default,null,null,null,0,14,FALSE,null
570,Jane II,Male,ENG,26,default,null,null,null,0,61,FALSE,null
571,Margaret Reynolds,Female,CAD,27,default,null,null,null,0,26,FALSE,null
572,Kim Joon-ho,Female,KOR,28,default,null,null,null,0,84,FALSE,null
573,Indira Bachchan,Female,IND,32,default,null,null,null,0,62,FALSE,null
574,Son Ki-moon,Female,KOR,51,default,null,null,null,0,72,FALSE,null
575,Son Heung-min,Female,KOR,62,default,null,null,null,0,7,FALSE,null
576,Bong Joon-ho,Female,KOR,47,default,null,null,null,0,68,FALSE,null
577,Narendra Tendulkar,Female,IND,56,default,null,null,null,0,91,FALSE,null
578,Justin Reynolds,Male,CAD,45,default,null,null,null,0,15,FALSE,null
579,Amitabh Tendulkar,Male,IND,49,default,null,null,null,0,47,FALSE,null
580,Margaret Trudeau,Male,CAD,65,default,null,null,null,0,91,FALSE,null
581,Elizabeth Lennon,Female,ENG,60,default,null,null,null,0,93,FALSE,null
582,Amitabh Gandhi,Male,IND,28,default,null,null,null,0,81,FALSE,null
583,Margaret Atwood,Male,CAD,42,default,null,null,null,0,17,FALSE,null
584,Celine Atwood,Female,CAD,74,default,null,null,null,0,35,FALSE,null
585,Ban Heung-min,Female,KOR,44,default,null,null,null,0,90,FALSE,null
586,Ban Joon-ho,Male,KOR,34,default,null,null,null,0,32,FALSE,null
587,David Beckham,Male,ENG,39,default,null,null,null,0,71,FALSE,null
588,David Beckham,Female,ENG,40,default,null,null,null,0,65,FALSE,null
589,Ryan Reynolds,Female,CAD,20,default,null,null,null,0,97,FALSE,null
590,Bong Ki-moon,Male,KOR,29,default,null,null,null,0,91,FALSE,null
591,David Beckham,Male,ENG,56,default,null,null,null,0,95,FALSE,null
592,Kim Heung-min,Female,KOR,26,default,null,null,null,0,5,FALSE,null
593,David Lennon,Female,ENG,49,default,null,null,null,0,64,FALSE,null
594,John Austen,Female,ENG,28,default,null,null,null,0,38,FALSE,null
595,Son Joon-ho,Male,KOR,37,default,null,null,null,0,59,FALSE,null
596,David II,Male,ENG,41,default,null,null,null,0,39,FALSE,null
597,Ban Joon-ho,Male,KOR,41,default,null,null,null,0,95,FALSE,null
598,John II,Male,ENG,66,default,null,null,null,0,50,FALSE,null
599,Kim Ki-moon,Male,KOR,30,default,null,null,null,0,4,FALSE,null
600,Kim Ki-moon,Male,KOR,72,default,null,null,null,0,92,FALSE,null
601,Narendra Gandhi,Male,IND,24,default,null,null,null,0,58,FALSE,null
602,Margaret Dion,Female,CAD,50,default,null,null,null,0,7,FALSE,null
603,Bong Ki-moon,Male,KOR,37,default,null,null,null,0,73,FALSE,null
604,Bong Ki-moon,Male,KOR,25,default,null,null,null,0,90,FALSE,null
605,Son Ki-moon,Female,KOR,24,default,null,null,null,0,24,FALSE,null
606,Narendra Tendulkar,Male,IND,22,default,null,null,null,0,42,FALSE,null
607,Ryan Reynolds,Female,CAD,62,default,null,null,null,0,24,FALSE,null
608,Margaret Dion,Male,CAD,49,default,null,null,null,0,64,FALSE,null
609,Bong Yuna,Female,KOR,35,default,null,null,null,0,23,FALSE,null
610,David Lennon,Male,ENG,63,default,null,null,null,0,57,FALSE,null
611,Bong Joon-ho,Female,KOR,20,default,null,null,null,0,1,FALSE,null
612,Kim Yuna,Male,KOR,54,default,null,null,null,0,65,FALSE,null
613,Justin Trudeau,Male,CAD,55,default,null,null,null,0,33,FALSE,null
614,Celine Atwood,Male,CAD,72,default,null,null,null,0,11,FALSE,null
615,Narendra Modi,Male,IND,35,default,null,null,null,0,42,FALSE,null
616,Kim Joon-ho,Female,KOR,46,default,null,null,null,0,24,FALSE,null
617,Margaret Reynolds,Male,CAD,58,default,null,null,null,0,10,FALSE,null
618,Kim Ki-moon,Female,KOR,32,default,null,null,null,0,27,FALSE,null
619,Narendra Bachchan,Female,IND,34,default,null,null,null,0,7,FALSE,null
620,Kim Yuna,Male,KOR,36,default,null,null,null,0,8,FALSE,null
621,Amitabh Gandhi,Female,IND,70,default,null,null,null,0,60,FALSE,null
622,Bong Yuna,Female,KOR,64,default,null,null,null,0,58,FALSE,null
623,Ban Ki-moon,Female,KOR,45,default,null,null,null,0,46,FALSE,null
624,Justin Dion,Male,CAD,51,default,null,null,null,0,65,FALSE,null
625,Son Yuna,Male,KOR,74,default,null,null,null,0,22,FALSE,null
626,Celine Dion,Female,CAD,49,default,null,null,null,0,15,FALSE,null
627,Jane Austen,Female,ENG,40,default,null,null,null,0,29,FALSE,null
628,Ban Joon-ho,Male,KOR,68,default,null,null,null,0,11,FALSE,null
629,David Austen,Male,ENG,73,default,null,null,null,0,73,FALSE,null
630,David Austen,Male,ENG,31,default,null,null,null,0,89,FALSE,null
631,Son Joon-ho,Female,KOR,26,default,null,null,null,0,99,FALSE,null
632,Justin Atwood,Female,CAD,52,default,null,null,null,0,33,FALSE,null
633,Son Yuna,Male,KOR,60,default,null,null,null,0,76,FALSE,null
634,Elizabeth Beckham,Female,ENG,31,default,null,null,null,0,47,FALSE,null
635,Celine Atwood,Male,CAD,57,default,null,null,null,0,15,FALSE,null
636,Sachin Bachchan,Female,IND,22,default,null,null,null,0,19,FALSE,null
637,Son Ki-moon,Female,KOR,56,default,null,null,null,0,74,FALSE,null
638,Son Ki-moon,Male,KOR,51,default,null,null,null,0,19,FALSE,null
639,Kim Joon-ho,Male,KOR,65,default,null,null,null,0,54,FALSE,null
640,John Beckham,Male,ENG,40,default,null,null,null,0,33,FALSE,null
641,Indira Modi,Male,IND,73,default,null,null,null,0,40,FALSE,null
642,David Beckham,Male,ENG,45,default,null,null,null,0,15,FALSE,null
643,Son Yuna,Male,KOR,44,default,null,null,null,0,17,FALSE,null
644,Margaret Trudeau,Female,CAD,39,default,null,null,null,0,68,FALSE,null
645,Kim Yuna,Female,KOR,41,default,null,null,null,0,20,FALSE,null
646,Ban Joon-ho,Female,KOR,38,default,null,null,null,0,40,FALSE,null
647,Son Heung-min,Female,KOR,65,default,null,null,null,0,2,FALSE,null
648,Bong Ki-moon,Male,KOR,45,default,null,null,null,0,62,FALSE,null
649,Jane Beckham,Male,ENG,35,default,null,null,null,0,98,FALSE,null
650,Bong Joon-ho,Female,KOR,45,default,null,null,null,0,74,FALSE,null
651,Justin Atwood,Male,CAD,52,default,null,null,null,0,38,FALSE,null
652,Son Joon-ho,Male,KOR,50,default,null,null,null,0,47,FALSE,null
653,Bong Heung-min,Female,KOR,39,default,null,null,null,0,8,FALSE,null
654,Sachin Bachchan,Female,IND,23,default,null,null,null,0,93,FALSE,null
655,Kim Ki-moon,Female,KOR,47,default,null,null,null,0,63,FALSE,null
656,Kim Heung-min,Male,KOR,62,default,null,null,null,0,65,FALSE,null
657,Son Ki-moon,Female,KOR,53,default,null,null,null,0,77,FALSE,null
658,Kim Heung-min,Male,KOR,75,default,null,null,null,0,67,FALSE,null
659,Indira Tendulkar,Male,IND,71,default,null,null,null,0,72,FALSE,null
660,Kim Joon-ho,Male,KOR,69,default,null,null,null,0,54,FALSE,null
661,Kim Yuna,Female,KOR,32,default,null,null,null,0,62,FALSE,null
662,Son Ki-moon,Female,KOR,24,default,null,null,null,0,47,FALSE,null
663,Indira Modi,Male,IND,59,default,null,null,null,0,15,FALSE,null
664,Bong Joon-ho,Female,KOR,30,default,null,null,null,0,76,FALSE,null
665,Ban Heung-min,Male,KOR,61,default,null,null,null,0,56,FALSE,null
666,Indira Modi,Female,IND,48,default,null,null,null,0,76,FALSE,null
667,Kim Yuna,Male,KOR,49,default,null,null,null,0,45,FALSE,null
668,Margaret Reynolds,Female,CAD,49,default,null,null,null,0,82,FALSE,null
669,Son Joon-ho,Female,KOR,47,default,null,null,null,0,76,FALSE,null
670,John Austen,Male,ENG,56,default,null,null,null,0,58,FALSE,null
671,Indira Bachchan,Female,IND,48,default,null,null,null,0,46,FALSE,null
672,Bong Yuna,Male,KOR,66,default,null,null,null,0,59,FALSE,null
673,Jane Lennon,Male,ENG,23,default,null,null,null,0,23,FALSE,null
674,Margaret Atwood,Male,CAD,34,default,null,null,null,0,35,FALSE,null
675,Bong Ki-moon,Male,KOR,25,default,null,null,null,0,8,FALSE,null
676,Son Yuna,Male,KOR,70,default,null,null,null,0,31,FALSE,null
677,David Beckham,Male,ENG,74,default,null,null,null,0,76,FALSE,null
678,Celine Dion,Female,CAD,71,default,null,null,null,0,98,FALSE,null
679,Son Ki-moon,Male,KOR,73,default,null,null,null,0,64,FALSE,null
680,Son Ki-moon,Female,KOR,58,default,null,null,null,0,23,FALSE,null
681,Amitabh Gandhi,Female,IND,74,default,null,null,null,0,74,FALSE,null
682,Ban Yuna,Male,KOR,66,default,null,null,null,0,42,FALSE,null
683,Son Joon-ho,Female,KOR,44,default,null,null,null,0,74,FALSE,null
684,Bong Heung-min,Male,KOR,68,default,null,null,null,0,62,FALSE,null
685,John Lennon,Male,ENG,32,default,null,null,null,0,28,FALSE,null
686,Bong Yuna,Female,KOR,44,default,null,null,null,0,25,FALSE,null
687,Jane Lennon,Male,ENG,60,default,null,null,null,0,83,FALSE,null
688,Ban Ki-moon,Female,KOR,29,default,null,null,null,0,27,FALSE,null
689,Bong Heung-min,Female,KOR,59,default,null,null,null,0,60,FALSE,null
690,Sachin Tendulkar,Male,IND,27,default,null,null,null,0,2,FALSE,null
691,Ban Heung-min,Male,KOR,32,default,null,null,null,0,18,FALSE,null
692,Bong Heung-min,Male,KOR,47,default,null,null,null,0,93,FALSE,null
693,Bong Ki-moon,Male,KOR,51,default,null,null,null,0,48,FALSE,null
694,Ban Heung-min,Male,KOR,34,default,null,null,null,0,7,FALSE,null
695,Ban Yuna,Female,KOR,44,default,null,null,null,0,58,FALSE,null
696,Amitabh Tendulkar,Female,IND,47,default,null,null,null,0,75,FALSE,null
697,Son Ki-moon,Female,KOR,26,default,null,null,null,0,96,FALSE,null
698,Ban Yuna,Female,KOR,65,default,null,null,null,0,45,FALSE,null
699,Son Yuna,Female,KOR,51,default,null,null,null,0,27,FALSE,null
700,Son Joon-ho,Male,KOR,38,default,null,null,null,0,86,FALSE,null
701,Kim Ki-moon,Female,KOR,57,default,null,null,null,0,99,FALSE,null
702,Bong Joon-ho,Male,KOR,56,default,null,null,null,0,67,FALSE,null
703,Sachin Gandhi,Male,IND,20,default,null,null,null,0,22,FALSE,null
704,Elizabeth Austen,Male,ENG,44,default,null,null,null,0,95,FALSE,null
705,Sachin Modi,Female,IND,54,default,null,null,null,0,21,FALSE,null
706,David Austen,Male,ENG,25,default,null,null,null,0,33,FALSE,null
707,Son Heung-min,Female,KOR,30,default,null,null,null,0,73,FALSE,null
708,Ban Joon-ho,Male,KOR,27,default,null,null,null,0,61,FALSE,null
709,Ban Joon-ho,Female,KOR,20,default,null,null,null,0,79,FALSE,null
710,Ban Yuna,Male,KOR,66,default,null,null,null,0,72,FALSE,null
711,Kim Ki-moon,Male,KOR,35,default,null,null,null,0,45,FALSE,null
712,Son Joon-ho,Male,KOR,26,default,null,null,null,0,82,FALSE,null
713,Ryan Atwood,Male,CAD,45,default,null,null,null,0,66,FALSE,null
714,Son Ki-moon,Male,KOR,38,default,null,null,null,0,7,FALSE,null
715,Justin Reynolds,Female,CAD,35,default,null,null,null,0,67,FALSE,null
716,Kim Heung-min,Male,KOR,55,default,null,null,null,0,78,FALSE,null
717,Narendra Tendulkar,Male,IND,28,default,null,null,null,0,11,FALSE,null
718,Celine Dion,Male,CAD,53,default,null,null,null,0,56,FALSE,null
719,Justin Trudeau,Female,CAD,30,default,null,null,null,0,16,FALSE,null
720,Kim Heung-min,Female,KOR,64,default,null,null,null,0,40,FALSE,null
721,Ban Joon-ho,Female,KOR,48,default,null,null,null,0,15,FALSE,null
722,Narendra Gandhi,Male,IND,36,default,null,null,null,0,75,FALSE,null
723,Elizabeth Austen,Female,ENG,41,default,null,null,null,0,54,FALSE,null
724,Ban Joon-ho,Female,KOR,48,default,null,null,null,0,27,FALSE,null
725,Son Ki-moon,Female,KOR,70,default,null,null,null,0,13,FALSE,null
726,Bong Ki-moon,Male,KOR,33,default,null,null,null,0,67,FALSE,null
727,Bong Heung-min,Male,KOR,64,default,null,null,null,0,31,FALSE,null
728,Bong Heung-min,Female,KOR,73,default,null,null,null,0,28,FALSE,null
729,Bong Yuna,Female,KOR,24,default,null,null,null,0,100,FALSE,null
730,Margaret Atwood,Male,CAD,33,default,null,null,null,0,10,FALSE,null
731,Jane Austen,Female,ENG,63,default,null,null,null,0,73,FALSE,null
732,Justin Dion,Female,CAD,42,default,null,null,null,0,96,FALSE,null
733,Ryan Dion,Female,CAD,45,default,null,null,null,0,81,FALSE,null
734,Bong Yuna,Female,KOR,25,default,null,null,null,0,4,FALSE,null
735,Kim Ki-moon,Male,KOR,40,default,null,null,null,0,56,FALSE,null
736,Bong Ki-moon,Female,KOR,53,default,null,null,null,0,49,FALSE,null
737,Ban Joon-ho,Male,KOR,31,default,null,null,null,0,98,FALSE,null
738,Ban Yuna,Male,KOR,65,default,null,null,null,0,34,FALSE,null
739,Kim Heung-min,Female,KOR,48,default,null,null,null,0,75,FALSE,null
740,Ryan Atwood,Female,CAD,48,default,null,null,null,0,8,FALSE,null
741,Bong Ki-moon,Female,KOR,67,default,null,null,null,0,95,FALSE,null
742,Bong Yuna,Female,KOR,33,default,null,null,null,0,88,FALSE,null
743,Ban Joon-ho,Male,KOR,57,default,null,null,null,0,96,FALSE,null
744,Elizabeth II,Female,ENG,38,default,null,null,null,0,80,FALSE,null
745,Ban Joon-ho,Male,KOR,69,default,null,null,null,0,93,FALSE,null
746,David Beckham,Female,ENG,45,default,null,null,null,0,24,FALSE,null
747,Kim Ki-moon,Female,KOR,45,default,null,null,null,0,85,FALSE,null
748,Narendra Gandhi,Female,IND,22,default,null,null,null,0,78,FALSE,null
749,Kim Heung-min,Male,KOR,41,default,null,null,null,0,82,FALSE,null
750,Ryan Trudeau,Male,CAD,26,default,null,null,null,0,81,FALSE,null
751,Son Yuna,Male,KOR,62,default,null,null,null,0,80,FALSE,null
752,Ban Heung-min,Male,KOR,51,default,null,null,null,0,66,FALSE,null
753,Ban Heung-min,Female,KOR,65,default,null,null,null,0,81,FALSE,null
754,Elizabeth II,Male,ENG,62,default,null,null,null,0,70,FALSE,null
755,Son Joon-ho,Female,KOR,26,default,null,null,null,0,46,FALSE,null
756,Ban Yuna,Male,KOR,59,default,null,null,null,0,73,FALSE,null
757,Ban Heung-min,Male,KOR,61,default,null,null,null,0,17,FALSE,null
758,Indira Bachchan,Female,IND,69,default,null,null,null,0,67,FALSE,null
759,Kim Joon-ho,Female,KOR,52,default,null,null,null,0,14,FALSE,null
760,Ban Joon-ho,Female,KOR,30,default,null,null,null,0,87,FALSE,null
761,Bong Heung-min,Male,KOR,27,default,null,null,null,0,88,FALSE,null
762,Sachin Tendulkar,Female,IND,21,default,null,null,null,0,32,FALSE,null
763,John Beckham,Female,ENG,25,default,null,null,null,0,28,FALSE,null
764,Indira Tendulkar,Male,IND,61,default,null,null,null,0,79,FALSE,null
765,Margaret Dion,Female,CAD,31,default,null,null,null,0,55,FALSE,null
766,Kim Joon-ho,Female,KOR,73,default,null,null,null,0,40,FALSE,null
767,Bong Joon-ho,Female,KOR,44,default,null,null,null,0,93,FALSE,null
768,Son Ki-moon,Male,KOR,57,default,null,null,null,0,13,FALSE,null
769,Sachin Tendulkar,Male,IND,65,default,null,null,null,0,14,FALSE,null
770,Kim Joon-ho,Female,KOR,20,default,null,null,null,0,42,FALSE,null
771,Ban Joon-ho,Male,KOR,25,default,null,null,null,0,53,FALSE,null
772,Son Heung-min,Male,KOR,28,default,null,null,null,0,50,FALSE,null
773,Ban Ki-moon,Male,KOR,32,default,null,null,null,0,39,FALSE,null
774,Indira Modi,Male,IND,21,default,null,null,null,0,27,FALSE,null
775,Son Joon-ho,Female,KOR,55,default,null,null,null,0,20,FALSE,null
776,Ban Ki-moon,Female,KOR,35,default,null,null,null,0,67,FALSE,null
777,David Beckham,Male,ENG,35,default,null,null,null,0,75,FALSE,null
778,Ban Joon-ho,Female,KOR,39,default,null,null,null,0,67,FALSE,null
779,Elizabeth Austen,Male,ENG,52,default,null,null,null,0,23,FALSE,null
780,John Beckham,Female,ENG,72,default,null,null,null,0,77,FALSE,null
781,Amitabh Bachchan,Female,IND,48,default,null,null,null,0,14,FALSE,null
782,Son Heung-min,Female,KOR,30,default,null,null,null,0,2,FALSE,null
783,Sachin Gandhi,Female,IND,43,default,null,null,null,0,84,FALSE,null
784,Jane Austen,Male,ENG,45,default,null,null,null,0,31,FALSE,null
785,Elizabeth II,Male,ENG,45,default,null,null,null,0,13,FALSE,null
786,Kim Yuna,Male,KOR,34,default,null,null,null,0,77,FALSE,null
787,Ryan Atwood,Male,CAD,63,default,null,null,null,0,27,FALSE,null
788,Kim Ki-moon,Female,KOR,26,default,null,null,null,0,75,FALSE,null
789,Sachin Gandhi,Female,IND,24,default,null,null,null,0,10,FALSE,null
790,Elizabeth Beckham,Male,ENG,31,default,null,null,null,0,84,FALSE,null
791,Elizabeth Austen,Male,ENG,50,default,null,null,null,0,69,FALSE,null
792,Indira Tendulkar,Female,IND,73,default,null,null,null,0,90,FALSE,null
793,Ban Heung-min,Male,KOR,21,default,null,null,null,0,53,FALSE,null
794,Kim Heung-min,Female,KOR,39,default,null,null,null,0,40,FALSE,null
795,Son Yuna,Female,KOR,46,default,null,null,null,0,72,FALSE,null
796,Celine Reynolds,Female,CAD,62,default,null,null,null,0,24,FALSE,null
797,Sachin Tendulkar,Female,IND,45,default,null,null,null,0,64,FALSE,null
798,Kim Ki-moon,Male,KOR,44,default,null,null,null,0,47,FALSE,null
799,Kim Joon-ho,Male,KOR,47,default,null,null,null,0,92,FALSE,null
800,Elizabeth Austen,Female,ENG,43,default,null,null,null,0,10,FALSE,null
801,Kim Heung-min,Male,KOR,38,default,null,null,null,0,25,FALSE,null
802,Ryan Trudeau,Male,CAD,34,default,null,null,null,0,29,FALSE,null
803,Son Joon-ho,Male,KOR,64,default,null,null,null,0,55,FALSE,null
804,Amitabh Tendulkar,Male,IND,23,default,null,null,null,0,16,FALSE,null
805,Amitabh Gandhi,Female,IND,45,default,null,null,null,0,60,FALSE,null
806,Ban Ki-moon,Male,KOR,53,default,null,null,null,0,28,FALSE,null
807,Narendra Modi,Male,IND,64,default,null,null,null,0,63,FALSE,null
808,Indira Modi,Female,IND,61,default,null,null,null,0,10,FALSE,null
809,Amitabh Tendulkar,Male,IND,36,default,null,null,null,0,15,FALSE,null
810,Ban Ki-moon,Male,KOR,67,default,null,null,null,0,89,FALSE,null
811,Jane Beckham,Male,ENG,48,default,null,null,null,0,46,FALSE,null
812,Elizabeth Lennon,Female,ENG,36,default,null,null,null,0,88,FALSE,null
813,Margaret Reynolds,Female,CAD,50,default,null,null,null,0,71,FALSE,null
814,Sachin Bachchan,Male,IND,57,default,null,null,null,0,73,FALSE,null
815,Amitabh Bachchan,Male,IND,46,default,null,null,null,0,3,FALSE,null
816,Son Ki-moon,Female,KOR,35,default,null,null,null,0,21,FALSE,null
817,Son Yuna,Male,KOR,71,default,null,null,null,0,38,FALSE,null
818,Ryan Dion,Male,CAD,49,default,null,null,null,0,33,FALSE,null
819,Narendra Tendulkar,Female,IND,43,default,null,null,null,0,32,FALSE,null
820,Son Yuna,Male,KOR,20,default,null,null,null,0,55,FALSE,null
821,Jane Beckham,Female,ENG,57,default,null,null,null,0,59,FALSE,null
822,Son Yuna,Male,KOR,24,default,null,null,null,0,93,FALSE,null
823,Kim Yuna,Male,KOR,71,default,null,null,null,0,57,FALSE,null
824,Kim Joon-ho,Male,KOR,67,default,null,null,null,0,54,FALSE,null
825,Sachin Gandhi,Male,IND,36,default,null,null,null,0,92,FALSE,null
826,Ryan Dion,Female,CAD,23,default,null,null,null,0,72,FALSE,null
827,Ban Ki-moon,Male,KOR,45,default,null,null,null,0,46,FALSE,null
828,David II,Male,ENG,50,default,null,null,null,0,67,FALSE,null
829,Son Heung-min,Male,KOR,55,default,null,null,null,0,32,FALSE,null
830,Narendra Tendulkar,Female,IND,49,default,null,null,null,0,13,FALSE,null
831,Ban Joon-ho,Female,KOR,61,default,null,null,null,0,48,FALSE,null
832,Ban Joon-ho,Male,KOR,25,default,null,null,null,0,73,FALSE,null
833,Jane Beckham,Male,ENG,63,default,null,null,null,0,62,FALSE,null
834,Bong Ki-moon,Female,KOR,43,default,null,null,null,0,35,FALSE,null
835,Son Joon-ho,Male,KOR,32,default,null,null,null,0,2,FALSE,null
836,Sachin Tendulkar,Male,IND,69,default,null,null,null,0,8,FALSE,null
837,Narendra Gandhi,Female,IND,21,default,null,null,null,0,13,FALSE,null
838,Ban Heung-min,Female,KOR,41,default,null,null,null,0,48,FALSE,null
839,David Beckham,Female,ENG,68,default,null,null,null,0,9,FALSE,null
840,Bong Heung-min,Male,KOR,38,default,null,null,null,0,28,FALSE,null
841,Son Heung-min,Female,KOR,40,default,null,null,null,0,27,FALSE,null
842,Son Ki-moon,Male,KOR,26,default,null,null,null,0,65,FALSE,null
843,Ban Joon-ho,Female,KOR,31,default,null,null,null,0,23,FALSE,null
844,John Austen,Female,ENG,63,default,null,null,null,0,36,FALSE,null
845,Ban Yuna,Male,KOR,54,default,null,null,null,0,61,FALSE,null
846,Ryan Reynolds,Female,CAD,35,default,null,null,null,0,91,FALSE,null
847,Kim Joon-ho,Female,KOR,55,default,null,null,null,0,70,FALSE,null
848,John Beckham,Female,ENG,25,default,null,null,null,0,34,FALSE,null
849,John Beckham,Female,ENG,67,default,null,null,null,0,85,FALSE,null
850,Bong Ki-moon,Male,KOR,40,default,null,null,null,0,17,FALSE,null
851,Son Heung-min,Female,KOR,44,default,null,null,null,0,7,FALSE,null
852,Celine Trudeau,Male,CAD,73,default,null,null,null,0,96,FALSE,null
853,Bong Ki-moon,Male,KOR,65,default,null,null,null,0,59,FALSE,null
854,Ban Joon-ho,Female,KOR,69,default,null,null,null,0,17,FALSE,null
855,Son Yuna,Female,KOR,42,default,null,null,null,0,20,FALSE,null
856,Son Heung-min,Male,KOR,23,default,null,null,null,0,77,FALSE,null
857,Ban Yuna,Female,KOR,61,default,null,null,null,0,86,FALSE,null
858,Margaret Atwood,Female,CAD,61,default,null,null,null,0,95,FALSE,null
859,Kim Ki-moon,Male,KOR,40,default,null,null,null,0,94,FALSE,null
860,Indira Bachchan,Male,IND,45,default,null,null,null,0,93,FALSE,null
861,Son Yuna,Female,KOR,49,default,null,null,null,0,59,FALSE,null
862,Kim Yuna,Male,KOR,60,default,null,null,null,0,69,FALSE,null
863,Ban Heung-min,Female,KOR,41,default,null,null,null,0,60,FALSE,null
864,Bong Ki-moon,Female,KOR,44,default,null,null,null,0,83,FALSE,null
865,John Beckham,Female,ENG,67,default,null,null,null,0,15,FALSE,null
866,Ban Ki-moon,Female,KOR,65,default,null,null,null,0,52,FALSE,null
867,Amitabh Tendulkar,Male,IND,47,default,null,null,null,0,67,FALSE,null
868,Jane Lennon,Male,ENG,27,default,null,null,null,0,80,FALSE,null
869,Son Heung-min,Male,KOR,48,default,null,null,null,0,52,FALSE,null
870,Ban Yuna,Male,KOR,40,default,null,null,null,0,40,FALSE,null
871,Sachin Tendulkar,Female,IND,73,default,null,null,null,0,57,FALSE,null
872,Son Joon-ho,Female,KOR,42,default,null,null,null,0,54,FALSE,null
873,Son Heung-min,Male,KOR,45,default,null,null,null,0,60,FALSE,null
874,John Beckham,Male,ENG,66,default,null,null,null,0,81,FALSE,null
875,Kim Ki-moon,Female,KOR,69,default,null,null,null,0,51,FALSE,null
876,Justin Reynolds,Male,CAD,46,default,null,null,null,0,7,FALSE,null
877,Narendra Gandhi,Male,IND,63,default,null,null,null,0,77,FALSE,null
878,Bong Yuna,Male,KOR,50,default,null,null,null,0,78,FALSE,null
879,Indira Tendulkar,Female,IND,22,default,null,null,null,0,77,FALSE,null
880,Justin Dion,Female,CAD,27,default,null,null,null,0,13,FALSE,null
881,Indira Bachchan,Male,IND,56,default,null,null,null,0,7,FALSE,null
882,Amitabh Tendulkar,Male,IND,27,default,null,null,null,0,34,FALSE,null
883,Ban Joon-ho,Female,KOR,27,default,null,null,null,0,4,FALSE,null
884,Elizabeth II,Male,ENG,62,default,null,null,null,0,39,FALSE,null
885,Elizabeth Austen,Male,ENG,62,default,null,null,null,0,2,FALSE,null
886,Ryan Reynolds,Female,CAD,48,default,null,null,null,0,86,FALSE,null
887,John Austen,Male,ENG,22,default,null,null,null,0,64,FALSE,null
888,Kim Heung-min,Female,KOR,26,default,null,null,null,0,7,FALSE,null
889,Ban Ki-moon,Female,KOR,66,default,null,null,null,0,11,FALSE,null
890,Son Heung-min,Female,KOR,35,default,null,null,null,0,70,FALSE,null
891,Bong Heung-min,Male,KOR,27,default,null,null,null,0,62,FALSE,null
892,Margaret Reynolds,Male,CAD,43,default,null,null,null,0,12,FALSE,null
893,Bong Joon-ho,Female,KOR,54,default,null,null,null,0,16,FALSE,null
894,Kim Ki-moon,Female,KOR,48,default,null,null,null,0,11,FALSE,null
895,Ban Joon-ho,Female,KOR,38,default,null,null,null,0,91,FALSE,null
896,Kim Ki-moon,Female,KOR,73,default,null,null,null,0,74,FALSE,null
897,Ban Joon-ho,Male,KOR,57,default,null,null,null,0,81,FALSE,null
898,Son Yuna,Male,KOR,22,default,null,null,null,0,58,FALSE,null
899,Son Yuna,Female,KOR,28,default,null,null,null,0,78,FALSE,null
900,Bong Heung-min,Male,KOR,65,default,null,null,null,0,72,FALSE,null
901,John Austen,Male,ENG,32,default,null,null,null,0,41,FALSE,null
902,Bong Joon-ho,Male,KOR,55,default,null,null,null,0,29,FALSE,null
903,Bong Heung-min,Male,KOR,56,default,null,null,null,0,50,FALSE,null
904,Kim Heung-min,Male,KOR,72,default,null,null,null,0,86,FALSE,null
905,Kim Yuna,Female,KOR,27,default,null,null,null,0,99,FALSE,null
906,Bong Heung-min,Female,KOR,48,default,null,null,null,0,34,FALSE,null
907,Kim Joon-ho,Male,KOR,53,default,null,null,null,0,83,FALSE,null
908,Ban Yuna,Female,KOR,74,default,null,null,null,0,85,FALSE,null
909,Jane II,Female,ENG,57,default,null,null,null,0,67,FALSE,null
910,Kim Joon-ho,Male,KOR,56,default,null,null,null,0,41,FALSE,null
911,Narendra Modi,Female,IND,63,default,null,null,null,0,34,FALSE,null
912,Sachin Bachchan,Female,IND,54,default,null,null,null,0,36,FALSE,null
913,Son Yuna,Female,KOR,49,default,null,null,null,0,90,FALSE,null
914,Ban Heung-min,Female,KOR,53,default,null,null,null,0,6,FALSE,null
915,Bong Ki-moon,Female,KOR,66,default,null,null,null,0,92,FALSE,null
916,Bong Heung-min,Female,KOR,27,default,null,null,null,0,23,FALSE,null
917,Celine Trudeau,Male,CAD,28,default,null,null,null,0,48,FALSE,null
918,Indira Tendulkar,Female,IND,66,default,null,null,null,0,75,FALSE,null
919,Jane Austen,Female,ENG,24,default,null,null,null,0,41,FALSE,null
920,John Lennon,Male,ENG,71,default,null,null,null,0,24,FALSE,null
921,Bong Yuna,Female,KOR,48,default,null,null,null,0,84,FALSE,null
922,Ban Joon-ho,Female,KOR,71,default,null,null,null,0,69,FALSE,null
923,Bong Yuna,Male,KOR,67,default,null,null,null,0,18,FALSE,null
924,Ban Yuna,Male,KOR,60,default,null,null,null,0,68,FALSE,null
925,Son Joon-ho,Male,KOR,35,default,null,null,null,0,39,FALSE,null
926,Indira Bachchan,Male,IND,31,default,null,null,null,0,29,FALSE,null
927,Amitabh Modi,Female,IND,37,default,null,null,null,0,71,FALSE,null
928,Bong Ki-moon,Female,KOR,26,default,null,null,null,0,39,FALSE,null
929,David Lennon,Male,ENG,34,default,null,null,null,0,15,FALSE,null
930,Kim Ki-moon,Male,KOR,53,default,null,null,null,0,14,FALSE,null
931,Kim Heung-min,Male,KOR,74,default,null,null,null,0,97,FALSE,null
932,Son Joon-ho,Female,KOR,20,default,null,null,null,0,92,FALSE,null
933,Amitabh Modi,Male,IND,62,default,null,null,null,0,36,FALSE,null
934,Ban Joon-ho,Male,KOR,41,default,null,null,null,0,8,FALSE,null
935,Ryan Reynolds,Female,CAD,37,default,null,null,null,0,26,FALSE,null
936,Ban Joon-ho,Male,KOR,34,default,null,null,null,0,72,FALSE,null
937,Bong Ki-moon,Male,KOR,75,default,null,null,null,0,80,FALSE,null
938,Son Joon-ho,Male,KOR,53,default,null,null,null,0,3,FALSE,null
939,Jane Beckham,Male,ENG,48,default,null,null,null,0,96,FALSE,null
940,Kim Heung-min,Female,KOR,40,default,null,null,null,0,33,FALSE,null
941,Kim Joon-ho,Female,KOR,56,default,null,null,null,0,63,FALSE,null
942,Bong Ki-moon,Male,KOR,49,default,null,null,null,0,29,FALSE,null
943,Margaret Atwood,Female,CAD,73,default,null,null,null,0,53,FALSE,null
944,David Beckham,Female,ENG,71,default,null,null,null,0,77,FALSE,null
945,Bong Ki-moon,Female,KOR,66,default,null,null,null,0,21,FALSE,null
946,Ban Yuna,Female,KOR,67,default,null,null,null,0,1,FALSE,null
947,Bong Joon-ho,Male,KOR,72,default,null,null,null,0,81,FALSE,null
948,Son Ki-moon,Female,KOR,63,default,null,null,null,0,53,FALSE,null
949,Ryan Trudeau,Male,CAD,68,default,null,null,null,0,59,FALSE,null
950,Jane II,Female,ENG,54,default,null,null,null,0,3,FALSE,null
951,Celine Dion,Male,CAD,25,default,null,null,null,0,90,FALSE,null
952,Margaret Reynolds,Male,CAD,32,default,null,null,null,0,56,FALSE,null
953,Amitabh Bachchan,Male,IND,45,default,null,null,null,0,79,FALSE,null
954,Son Joon-ho,Male,KOR,59,default,null,null,null,0,20,FALSE,null
955,Kim Joon-ho,Female,KOR,38,default,null,null,null,0,72,FALSE,null
956,Justin Dion,Female,CAD,64,default,null,null,null,0,38,FALSE,null
957,Celine Trudeau,Female,CAD,47,default,null,null,null,0,65,FALSE,null
958,Bong Joon-ho,Female,KOR,53,default,null,null,null,0,16,FALSE,null
959,Kim Joon-ho,Female,KOR,53,default,null,null,null,0,12,FALSE,null
960,Ban Heung-min,Female,KOR,22,default,null,null,null,0,71,FALSE,null
961,Celine Reynolds,Male,CAD,59,default,null,null,null,0,4,FALSE,null
962,Bong Ki-moon,Male,KOR,25,default,null,null,null,0,12,FALSE,null
963,Ryan Atwood,Male,CAD,41,default,null,null,null,0,22,FALSE,null
964,Kim Heung-min,Male,KOR,34,default,null,null,null,0,67,FALSE,null
965,David Austen,Male,ENG,55,default,null,null,null,0,3,FALSE,null
966,John II,Male,ENG,21,default,null,null,null,0,56,FALSE,null
967,Bong Heung-min,Male,KOR,73,default,null,null,null,0,23,FALSE,null
968,Elizabeth Austen,Female,ENG,29,default,null,null,null,0,18,FALSE,null
969,Son Joon-ho,Female,KOR,61,default,null,null,null,0,50,FALSE,null
970,Bong Yuna,Male,KOR,31,default,null,null,null,0,54,FALSE,null
971,Son Joon-ho,Female,KOR,20,default,null,null,null,0,84,FALSE,null
972,Amitabh Tendulkar,Female,IND,56,default,null,null,null,0,45,FALSE,null
973,Ban Yuna,Female,KOR,49,default,null,null,null,0,64,FALSE,null
974,Margaret Atwood,Male,CAD,44,default,null,null,null,0,48,FALSE,null
975,Kim Ki-moon,Male,KOR,43,default,null,null,null,0,27,FALSE,null
976,Kim Joon-ho,Male,KOR,36,default,null,null,null,0,86,FALSE,null
977,Ban Joon-ho,Male,KOR,41,default,null,null,null,0,15,FALSE,null
978,Kim Heung-min,Male,KOR,50,default,null,null,null,0,51,FALSE,null
979,Bong Heung-min,Female,KOR,49,default,null,null,null,0,97,FALSE,null
980,Son Joon-ho,Female,KOR,30,default,null,null,null,0,21,FALSE,null
981,Ban Heung-min,Male,KOR,35,default,null,null,null,0,34,FALSE,null
982,Bong Heung-min,Female,KOR,73,default,null,null,null,0,70,FALSE,null
983,Son Joon-ho,Male,KOR,22,default,null,null,null,0,98,FALSE,null
984,David II,Male,ENG,46,default,null,null,null,0,66,FALSE,null
985,Margaret Dion,Female,CAD,24,default,null,null,null,0,50,FALSE,null
986,Ban Heung-min,Male,KOR,61,default,null,null,null,0,7,FALSE,null
987,Indira Gandhi,Female,IND,36,default,null,null,null,0,72,FALSE,null
988,Jane II,Male,ENG,57,default,null,null,null,0,100,FALSE,null
989,Bong Yuna,Female,KOR,56,default,null,null,null,0,70,FALSE,null
990,Kim Heung-min,Male,KOR,71,default,null,null,null,0,16,FALSE,null
991,Son Ki-moon,Female,KOR,53,default,null,null,null,0,31,FALSE,null
992,Ban Ki-moon,Female,KOR,54,default,null,null,null,0,61,FALSE,null
993,Son Yuna,Male,KOR,53,default,null,null,null,0,68,FALSE,null
994,Indira Gandhi,Male,IND,52,default,null,null,null,0,95,FALSE,null
995,Ban Joon-ho,Female,KOR,23,default,null,null,null,0,78,FALSE,null
996,Bong Ki-moon,Male,KOR,38,default,null,null,null,0,87,FALSE,null
997,Kim Heung-min,Female,KOR,42,default,null,null,null,0,92,FALSE,null
998,Sachin Modi,Female,IND,65,default,null,null,null,0,30,FALSE,null
999,Ban Yuna,Male,KOR,44,default,null,null,null,0,69,FALSE,null
1000,Ban Heung-min,Male,KOR,67,default,null,null,null,0,46,FALSE,null